user_id,name,email,join_date
1,Léo Porto,sampaiomatheus@uol.com.br,2024-05-13
2,Sra. Camila Silva,maria-eduarda40@yahoo.com.br,2024-06-24
3,Nicolas Aparecida,maria-eduarda38@ig.com.br,2025-08-31
4,Lucca Rocha,mabreu@uol.com.br,2024-09-05
5,Dra. Maria Sophia Mendes,ycavalcanti@gmail.com,2024-12-17
6,Sr. João Vitor da Cruz,camposmariah@uol.com.br,2024-11-03
7,José Pedro Almeida,gabrielly20@uol.com.br,2025-08-26
8,Hellena Novaes,bryan22@yahoo.com.br,2025-03-21
9,Isabelly Casa Grande,spinto@hotmail.com,2024-06-19
10,Sra. Ana Julia Campos,silvahadassa@hotmail.com,2025-05-04
11,Cauã Moraes,kaique20@hotmail.com,2024-01-12
12,Dr. Pedro Campos,bfonseca@bol.com.br,2025-09-04
13,Pedro Miguel Sousa,mathiasfreitas@ig.com.br,2025-01-28
14,Alana Aparecida,danielaabreu@hotmail.com,2024-12-14
15,Matteo Pimenta,hcamara@hotmail.com,2024-12-28
16,Ana Cecília Porto,davi-miguel10@uol.com.br,2025-06-01
17,Amanda Fernandes,amandamarques@ig.com.br,2025-01-10
18,Ana Sophia Montenegro,erick78@yahoo.com.br,2024-12-29
19,Sr. Emanuel Vasconcelos,camaraantony@uol.com.br,2024-10-30
20,Cecília Peixoto,ayllaguerra@uol.com.br,2025-02-01
21,Vitor Hugo Sales,yan03@uol.com.br,2024-06-28
22,Bruna Cardoso,vianaana-luiza@ig.com.br,2025-07-28
23,Cauê Sousa,juan55@bol.com.br,2024-01-02
24,Dra. Clara Moraes,monteiropietra@ig.com.br,2024-11-27
25,Davi Luiz Rocha,vitor-hugosilveira@gmail.com,2024-10-19
26,Benício Cavalcante,valentimrodrigues@bol.com.br,2025-04-01
27,Bella da Rosa,marqueslucas@bol.com.br,2024-02-15
28,Luana Sá,ana-livia63@hotmail.com,2024-10-15
29,Ana Julia Cavalcanti,lporto@hotmail.com,2025-06-02
30,Sr. Luigi Alves,bsiqueira@ig.com.br,2024-09-27
31,Sr. Luigi Fonseca,manuelapeixoto@hotmail.com,2025-07-18
32,José Miguel Abreu,joao-felipe28@bol.com.br,2024-03-18
33,Caio da Paz,teixeiraluiz-felipe@ig.com.br,2025-07-29
34,Valentim da Rocha,yan48@gmail.com,2025-05-25
35,Isaque Gomes,vinicius38@hotmail.com,2025-04-26
36,Henry Gabriel Caldeira,bda-mota@yahoo.com.br,2025-01-10
37,Raquel Souza,pachecomaria-julia@uol.com.br,2025-02-26
38,Matheus da Paz,correiaclara@uol.com.br,2025-04-02
39,Dra. Ana Laura Peixoto,da-mataasafe@gmail.com,2024-03-27
40,Dra. Lunna da Paz,mathias74@yahoo.com.br,2025-04-03
41,Bárbara Aragão,rsilveira@ig.com.br,2024-12-29
42,Srta. Luna Monteiro,qjesus@yahoo.com.br,2025-08-21
43,Miguel Pimenta,udias@gmail.com,2024-05-02
44,Juliana Viana,maria-luiza85@hotmail.com,2025-01-05
45,Thiago da Costa,haragao@uol.com.br,2025-06-17
46,Yan da Rocha,moreirabruna@gmail.com,2024-06-03
47,Dr. Danilo Farias,daniloda-cunha@hotmail.com,2025-09-05
48,Samuel Camargo,heloisa67@ig.com.br,2025-12-05
49,Dr. Carlos Eduardo Martins,davi-lucas00@yahoo.com.br,2025-10-12
50,Marcos Vinicius Santos,barrosvinicius@ig.com.br,2024-05-30
51,Danilo Sousa,fernandamoura@bol.com.br,2024-02-28
52,Maysa Jesus,leandro44@ig.com.br,2025-09-09
53,Nicole Barbosa,wda-luz@bol.com.br,2025-06-07
54,Gabriela Monteiro,cmelo@hotmail.com,2024-03-22
55,Ravy Siqueira,santoscarolina@uol.com.br,2025-02-28
56,João Pedro Moraes,fernandamontenegro@yahoo.com.br,2025-02-13
57,Dra. Ísis Lima,fernando51@hotmail.com,2024-05-29
58,Ana Luiza Souza,teixeiraheitor@ig.com.br,2024-08-20
59,Vinicius Costela,carlos-eduardo01@yahoo.com.br,2024-04-14
60,Larissa Borges,henry-gabrielpimenta@gmail.com,2025-06-13
61,Gael Ribeiro,qvieira@gmail.com,2024-06-24
62,Bento Carvalho,limarafael@uol.com.br,2024-07-15
63,Kevin Pereira,davi-lucca28@ig.com.br,2025-01-30
64,Kaique Silva,luna79@hotmail.com,2025-03-31
65,Stella Farias,olivia30@bol.com.br,2025-04-23
66,Vinícius Azevedo,claricelopes@uol.com.br,2025-04-19
67,Matteo Dias,ravy19@ig.com.br,2025-04-05
68,Isadora Campos,oguerra@ig.com.br,2024-10-27
69,Rhavi Freitas,noah02@yahoo.com.br,2024-01-14
70,Gustavo Henrique Cassiano,anthony74@gmail.com,2025-07-27
71,Maria Laura da Cunha,ofernandes@hotmail.com,2025-10-23
72,Aylla Araújo,ravi-lucca05@ig.com.br,2024-10-05
73,Ester Ferreira,imarques@hotmail.com,2025-04-17
74,Larissa Azevedo,emacedo@ig.com.br,2024-01-12
75,Benjamin Gomes,marcela19@hotmail.com,2024-03-29
76,Sr. Davi Luiz Rocha,sajoao-lucas@hotmail.com,2024-03-01
77,Olivia Caldeira,mendoncaemanuel@hotmail.com,2024-08-25
78,Melissa Garcia,montenegrojuliana@uol.com.br,2025-07-27
79,Dr. Matheus Silva,isabelly67@gmail.com,2024-10-12
80,Maria Clara Lima,wrodrigues@yahoo.com.br,2024-09-30
81,Gustavo Henrique Sousa,da-luzjoao-pedro@ig.com.br,2025-11-19
82,Dra. Manuella Jesus,davi-luiz69@bol.com.br,2024-03-02
83,Amanda Pastor,brendanovais@yahoo.com.br,2024-07-10
84,Arthur Gabriel Pereira,alvesdiogo@uol.com.br,2025-07-22
85,Manuella Teixeira,ateixeira@ig.com.br,2025-08-18
86,Yago Sá,joao-pedrodias@hotmail.com,2024-03-28
87,Ana Beatriz Marques,osousa@yahoo.com.br,2025-09-28
88,Dra. Ana Costela,ana-julia95@yahoo.com.br,2025-01-27
89,Heloisa Rios,camposeloah@gmail.com,2025-02-05
90,Alana Vieira,emanuella82@yahoo.com.br,2025-05-09
91,Murilo Silveira,rodriguesbenicio@ig.com.br,2024-02-27
92,Maria Liz Campos,mathiasda-luz@yahoo.com.br,2025-05-27
93,Maria Flor Porto,santosana-livia@gmail.com,2025-03-08
94,Theo Costa,joaquimpereira@yahoo.com.br,2024-10-17
95,Alexandre Pimenta,fsilva@uol.com.br,2025-05-27
96,Luana Pastor,ana-beatrizvasconcelos@hotmail.com,2025-10-26
97,Sr. Luiz Miguel Moreira,alicesantos@uol.com.br,2024-07-26
98,João Felipe Viana,hcastro@ig.com.br,2024-08-07
99,Luísa Viana,enzo-gabriel34@bol.com.br,2025-06-05
100,Antônio Martins,thomas45@bol.com.br,2024-11-16
101,Caio Freitas,zviana@uol.com.br,2025-03-02
102,Theo Azevedo,emanuellacasa-grande@bol.com.br,2025-03-26
103,Luan Peixoto,prodrigues@bol.com.br,2024-02-21
104,Rael da Cruz,vasconcelosigor@hotmail.com,2024-12-20
105,Gustavo Peixoto,joana21@bol.com.br,2025-09-19
106,Eduardo Aragão,sophia75@yahoo.com.br,2024-10-11
107,Gael Rodrigues,marianadias@ig.com.br,2025-09-10
108,Mariane Ferreira,teixeiraluiz-otavio@ig.com.br,2025-10-21
109,Heloisa Melo,emanuelly10@uol.com.br,2024-01-14
110,Manuela Costa,rocharavi@bol.com.br,2025-05-08
111,Eloá Nunes,zgarcia@uol.com.br,2024-08-18
112,Amanda Camargo,brenda08@ig.com.br,2024-05-05
113,Dr. Mathias Silveira,sleao@hotmail.com,2025-08-09
114,Maria Júlia Marques,qfernandes@hotmail.com,2024-06-25
115,Luan Dias,carolinaribeiro@yahoo.com.br,2025-08-30
116,Calebe Moraes,wda-mata@uol.com.br,2025-11-06
117,Davi Miguel Araújo,dvasconcelos@bol.com.br,2025-01-05
118,Nicole Costela,vasconcelosyasmin@yahoo.com.br,2024-01-04
119,Gustavo Sampaio,andradeasafe@ig.com.br,2024-10-09
120,Maria Fernanda Sales,maysacirino@gmail.com,2024-03-03
121,Esther Cardoso,elisa66@ig.com.br,2024-09-12
122,Rael Barros,julia70@ig.com.br,2025-03-09
123,Pedro Henrique Teixeira,rrocha@hotmail.com,2024-01-23
124,Rafael Macedo,pintobella@bol.com.br,2025-07-14
125,Dra. Gabrielly Moreira,monteiroesther@yahoo.com.br,2025-05-21
126,Ana Júlia Costa,erick57@yahoo.com.br,2025-06-24
127,Marcos Vinicius da Rosa,augusto44@uol.com.br,2025-02-22
128,Felipe Pires,duarteenzo-gabriel@uol.com.br,2025-01-06
129,Sr. Leandro Lima,theodorocorreia@hotmail.com,2025-02-18
130,Dr. Cauã da Rocha,ravi50@bol.com.br,2024-02-19
131,Vicente Barbosa,larissa54@hotmail.com,2025-01-29
132,José Pedro Mendonça,stephany02@ig.com.br,2024-04-10
133,Sara Rezende,ravi-luccamonteiro@gmail.com,2025-07-31
134,Sra. Lavínia Barros,stellacarvalho@gmail.com,2025-12-05
135,Lavínia Barros,mathias84@gmail.com,2025-07-01
136,Sr. Thomas Pastor,novaisluan@yahoo.com.br,2025-02-05
137,Olívia Câmara,mendesnatalia@bol.com.br,2025-02-27
138,Joana Costa,upacheco@bol.com.br,2024-08-07
139,João Lucas Porto,xsilva@hotmail.com,2024-01-07
140,Matheus Azevedo,luiz-fernando98@ig.com.br,2025-02-05
141,Ana Barbosa,jadeda-cruz@ig.com.br,2024-12-17
142,Antonella Monteiro,pnovais@ig.com.br,2024-02-06
143,Anna Liz Mendes,valentinaporto@ig.com.br,2025-09-06
144,Dr. Joaquim da Cunha,ramosana@gmail.com,2025-04-14
145,Sabrina Lima,ceciliasa@uol.com.br,2024-02-12
146,Isaque Cavalcante,maria-isispereira@gmail.com,2024-09-22
147,Eduardo Monteiro,rcorreia@gmail.com,2025-01-24
148,Murilo Moraes,hcaldeira@bol.com.br,2025-03-06
149,Igor Siqueira,rda-paz@hotmail.com,2024-09-10
150,Davi da Mata,borgesbruna@bol.com.br,2024-09-15
151,Mariane Cunha,vargasthales@uol.com.br,2025-02-12
152,Thiago Cardoso,kalmeida@uol.com.br,2025-02-07
153,Dr. Matteo Freitas,mdas-neves@gmail.com,2025-07-23
154,Mathias da Cruz,gustavo-henrique43@uol.com.br,2024-11-14
155,Sra. Maria Júlia Marques,borgesaylla@bol.com.br,2025-10-22
156,Bruno Viana,gomesjoaquim@yahoo.com.br,2025-05-10
157,Dr. Juan Gomes,joliveira@gmail.com,2024-06-11
158,Dr. Yago Castro,leandro80@uol.com.br,2024-04-22
159,Emanuel Cavalcanti,leaolarissa@ig.com.br,2025-01-23
160,Maria Sá,manuela11@gmail.com,2025-06-26
161,Brenda Gonçalves,pnovais@ig.com.br,2024-12-16
162,Sra. Evelyn Sampaio,fsa@hotmail.com,2024-01-11
163,Srta. Rafaela Barros,matheuspinto@bol.com.br,2025-05-07
164,Letícia da Cruz,fariasyuri@bol.com.br,2024-06-25
165,Juan Porto,ana-sophiacostela@gmail.com,2024-10-19
166,Nathan Lima,davi-lucca58@yahoo.com.br,2024-08-17
167,Anthony Gabriel da Luz,levi73@gmail.com,2025-05-04
168,Heloísa Vargas,antonio90@gmail.com,2025-10-06
169,Caleb Sousa,ycasa-grande@uol.com.br,2024-07-20
170,Dra. Maria Julia da Cunha,machadobreno@yahoo.com.br,2024-02-13
171,Levi Montenegro,luiza66@hotmail.com,2024-10-12
172,Ravi Lucca Nascimento,enzomendes@ig.com.br,2025-03-11
173,Dr. Davi Peixoto,diego65@hotmail.com,2025-10-21
174,Sophie da Conceição,fariasluara@gmail.com,2024-06-27
175,Maria Helena Andrade,cecilianovais@gmail.com,2024-05-29
176,Marcos Vinicius da Cunha,rpeixoto@uol.com.br,2024-10-22
177,Arthur Gabriel Rios,vcarvalho@yahoo.com.br,2024-03-13
178,Cauê Carvalho,saalexia@ig.com.br,2025-12-01
179,Ana Liz Gomes,martinslorena@hotmail.com,2025-08-24
180,Apollo Nunes,goncalvespedro-lucas@ig.com.br,2025-07-18
181,Ana Vitória Casa Grande,rleao@ig.com.br,2025-12-20
182,Luiz Henrique Santos,moreirajoao-felipe@uol.com.br,2025-10-27
183,Caio Oliveira,nunesraquel@hotmail.com,2025-01-26
184,Maria Sophia Pires,enzomelo@ig.com.br,2025-11-10
185,Enzo Gabriel Vieira,bryanandrade@bol.com.br,2024-01-03
186,Vinícius Barbosa,luiz-otavioda-rocha@uol.com.br,2024-07-06
187,Dr. Diogo Silveira,aguerra@uol.com.br,2024-07-05
188,Ágatha Barros,vicente61@bol.com.br,2025-03-05
189,Theo da Luz,murilo49@gmail.com,2025-08-12
190,Luiz Felipe da Conceição,andradebenicio@uol.com.br,2025-06-25
191,Theodoro Novais,bda-cruz@uol.com.br,2024-04-10
192,Sofia Lima,marina25@yahoo.com.br,2024-01-31
193,Maria Alice Freitas,tmachado@yahoo.com.br,2025-04-09
194,Juan da Paz,correiaarthur-miguel@bol.com.br,2024-09-23
195,Daniela Peixoto,maria-clara25@ig.com.br,2024-12-22
196,Joana Aragão,yda-mota@uol.com.br,2025-05-28
197,Maria Laura Leão,jose-pedro75@uol.com.br,2024-04-30
198,Renan Rodrigues,nogueirajoao-vitor@hotmail.com,2025-01-31
199,Rafaela Pinto,moreiraana-liz@ig.com.br,2024-01-16
200,Carolina da Rosa,ferreiradavi-lucas@gmail.com,2024-10-23
201,Arthur Miguel Vieira,fonsecapedro-henrique@yahoo.com.br,2024-05-13
202,Isis Almeida,henry-gabrielsilveira@gmail.com,2024-09-25
203,Srta. Heloísa Camargo,fernandosilveira@hotmail.com,2025-09-21
204,Pedro Ramos,liz24@bol.com.br,2025-09-06
205,Ana das Neves,pereiraluna@uol.com.br,2024-01-10
206,João Pedro da Mata,oda-conceicao@uol.com.br,2025-01-25
207,Benjamim Gonçalves,oliveirabruno@uol.com.br,2025-12-09
208,Mirella Duarte,nascimentopaulo@uol.com.br,2024-06-29
209,Ester Vieira,ipereira@ig.com.br,2024-05-02
210,Letícia Marques,oda-mota@uol.com.br,2025-11-20
211,Raquel Cirino,cvieira@uol.com.br,2024-04-18
212,Dr. João Pedro Moura,ana-carolina12@ig.com.br,2025-04-13
213,Henrique Sousa,gabrielly62@hotmail.com,2025-10-24
214,Samuel Teixeira,asafebarros@yahoo.com.br,2025-09-16
215,Ana Laura Pinto,davi-miguel36@uol.com.br,2024-09-22
216,Yan Ribeiro,moreiradaniela@bol.com.br,2024-09-22
217,Yan Aparecida,correiayan@hotmail.com,2024-05-15
218,Eduardo Ribeiro,novaisvitor@hotmail.com,2024-07-03
219,Luiza Ferreira,falmeida@gmail.com,2025-08-09
220,André Pastor,ana-sophiagomes@uol.com.br,2024-12-21
221,Juliana Montenegro,tporto@bol.com.br,2025-03-03
222,Srta. Julia Rocha,montenegrojosue@yahoo.com.br,2024-04-13
223,Vitória Borges,maria-fernanda18@uol.com.br,2025-03-27
224,Theo Pires,rcirino@ig.com.br,2025-06-11
225,Heloisa Ribeiro,ada-costa@uol.com.br,2025-03-03
226,Miguel Aparecida,felipeteixeira@hotmail.com,2025-11-25
227,Eloá Sá,vianamaria-alice@hotmail.com,2024-03-31
228,Manuella Nogueira,maria-fernandaporto@ig.com.br,2024-10-26
229,Nathan Moura,alicenogueira@hotmail.com,2024-08-23
230,Ana Laura da Mata,emanuel02@yahoo.com.br,2024-05-30
231,José Miguel Barbosa,castrohelena@uol.com.br,2024-10-03
232,Maitê da Costa,gael29@uol.com.br,2025-01-21
233,Sra. Stephany Pastor,duarteyan@yahoo.com.br,2024-05-09
234,Valentina Lopes,gabriel07@bol.com.br,2025-05-12
235,Gael Henrique Vargas,luisamontenegro@bol.com.br,2024-12-29
236,Dr. Joaquim Costa,santosnina@yahoo.com.br,2025-03-30
237,Elisa Souza,fmartins@uol.com.br,2024-11-07
238,Gustavo Machado,wvasconcelos@hotmail.com,2024-08-03
239,Maria Luiza Caldeira,fcamargo@bol.com.br,2024-06-11
240,Apollo Garcia,sofia81@yahoo.com.br,2025-03-23
241,Brayan Correia,costelaana-luiza@bol.com.br,2025-07-14
242,Sr. Ryan Sá,dmoraes@gmail.com,2025-06-25
243,Sr. Davi Silveira,rvargas@uol.com.br,2024-11-22
244,Ana Sophia Sá,faparecida@uol.com.br,2024-04-06
245,Vitor Gomes,da-rochadanilo@ig.com.br,2025-03-04
246,Srta. Ísis Rocha,matheus77@uol.com.br,2024-10-06
247,Yago Rodrigues,joao-miguel55@uol.com.br,2024-11-11
248,Dante Farias,leviandrade@ig.com.br,2025-07-29
249,Lara Castro,portomaria-cecilia@yahoo.com.br,2025-10-28
250,Lucas Gabriel Sales,pereiranoah@hotmail.com,2025-06-12
251,Ryan Borges,costelasabrina@gmail.com,2025-02-27
252,Gabrielly Camargo,apacheco@gmail.com,2025-09-12
253,Renan Vasconcelos,omontenegro@hotmail.com,2024-06-08
254,Ana Carolina Gomes,agathafernandes@hotmail.com,2025-05-16
255,Dr. Dante Siqueira,zaparecida@bol.com.br,2025-05-22
256,Nicolas da Mota,maria-flordias@gmail.com,2025-05-22
257,Emilly Dias,monteiroasafe@yahoo.com.br,2024-04-18
258,Bernardo Caldeira,juliana50@yahoo.com.br,2025-10-07
259,Ana Júlia Costela,maysasampaio@bol.com.br,2024-05-11
260,Leandro Fogaça,caua44@ig.com.br,2025-10-06
261,Dr. Calebe Santos,brunocavalcanti@hotmail.com,2024-02-02
262,Liam Fonseca,allana40@yahoo.com.br,2024-07-20
263,Melissa Peixoto,ncavalcante@hotmail.com,2024-05-11
264,Zoe Jesus,cauemacedo@yahoo.com.br,2024-05-04
265,Emanuel Melo,kpacheco@ig.com.br,2024-11-22
266,Gael Henrique Leão,levi12@yahoo.com.br,2024-02-06
267,Ravi Fonseca,joao-pedro87@ig.com.br,2025-11-08
268,Dr. Brayan Aragão,bellamartins@bol.com.br,2025-06-27
269,Luiz Gustavo Brito,azevedomurilo@uol.com.br,2025-07-30
270,Maria Helena Marques,hmacedo@gmail.com,2024-04-02
271,Lívia Barbosa,lvargas@uol.com.br,2024-11-25
272,Srta. Bárbara Guerra,sda-mota@gmail.com,2025-12-09
273,Lucca Nunes,ida-costa@hotmail.com,2025-04-25
274,Maria Júlia Pimenta,wgarcia@bol.com.br,2024-01-29
275,Dr. Gael Henrique Cardoso,rael31@uol.com.br,2024-04-10
276,Brayan Casa Grande,lcampos@yahoo.com.br,2025-03-29
277,Liam Nogueira,enzo-gabrielvargas@hotmail.com,2025-04-15
278,Eloá Brito,hleao@hotmail.com,2024-06-27
279,Kaique Pimenta,bmelo@hotmail.com,2024-09-14
280,Cecília Borges,hlima@ig.com.br,2025-03-19
281,Isaac Leão,yaparecida@gmail.com,2025-05-09
282,Helena Pimenta,silvajose@hotmail.com,2024-04-08
283,Ravi Peixoto,qnovais@gmail.com,2024-09-16
284,Ayla Moura,bianca99@ig.com.br,2025-03-24
285,Marcelo Pereira,marianebarbosa@yahoo.com.br,2024-12-02
286,Thomas Sá,rbarbosa@ig.com.br,2024-12-24
287,Olívia Moura,da-pazzoe@ig.com.br,2025-01-26
288,Pedro Lucas Ribeiro,ucardoso@bol.com.br,2025-10-03
289,Anna Liz Rodrigues,albuquerquesofia@yahoo.com.br,2025-06-10
290,Ian Nunes,barbarada-costa@ig.com.br,2023-12-29
291,Eduarda Freitas,rafaela83@hotmail.com,2025-12-08
292,Cecilia Fonseca,brayan52@yahoo.com.br,2024-01-20
293,Luna da Luz,davi-lucca83@uol.com.br,2025-02-09
294,Valentim Lima,monteirogiovanna@gmail.com,2025-11-24
295,Maria Júlia Almeida,leonardo23@gmail.com,2024-07-15
296,Rafael Melo,zsilveira@bol.com.br,2025-10-01
297,Breno Ramos,isouza@ig.com.br,2024-05-23
298,Maria Vitória Mendes,raquelcampos@yahoo.com.br,2024-02-12
299,Luan Pacheco,jadecardoso@ig.com.br,2025-05-14
300,Gabriela Fernandes,sabeatriz@bol.com.br,2024-03-12
301,Rael Farias,carolina77@bol.com.br,2025-06-06
302,Vicente Borges,gvieira@hotmail.com,2024-06-13
303,Anthony Gabriel Araújo,isousa@gmail.com,2024-10-15
304,Maria Júlia da Cruz,ana-liz65@ig.com.br,2024-04-17
305,Yago Teixeira,oliviasouza@ig.com.br,2025-06-21
306,Breno Costela,lucca97@gmail.com,2025-02-18
307,Sabrina Mendes,liviasousa@uol.com.br,2024-02-29
308,Gustavo Mendes,aparecidaluiz-henrique@uol.com.br,2025-04-01
309,Evelyn da Cruz,carlos-eduardonovais@hotmail.com,2025-11-29
310,Marcela Brito,da-pazpietro@uol.com.br,2024-08-21
311,Levi Farias,danieladias@yahoo.com.br,2024-11-18
312,Eloá Rios,dommarques@ig.com.br,2024-12-25
313,Sr. Diogo Pacheco,vcunha@hotmail.com,2025-04-29
314,Rhavi Fonseca,montenegrodavi-miguel@uol.com.br,2025-10-30
315,Miguel Machado,mariana00@gmail.com,2023-12-24
316,Ravy da Cunha,maria-isis95@gmail.com,2024-09-17
317,Vinícius Garcia,alexia92@hotmail.com,2024-12-12
318,Bernardo da Rocha,urezende@gmail.com,2024-11-09
319,João Pedro Aragão,gabrielly36@hotmail.com,2024-12-30
320,Mathias Duarte,sabrina95@bol.com.br,2024-01-09
321,Julia Silveira,carolinemonteiro@uol.com.br,2024-10-23
322,Isis Sales,monteiroesther@ig.com.br,2025-06-10
323,Gustavo Pimenta,murilocavalcanti@hotmail.com,2025-07-14
324,Benjamin da Cruz,nathancavalcanti@yahoo.com.br,2024-08-21
325,Dr. Carlos Eduardo da Luz,hda-cruz@bol.com.br,2024-09-08
326,Marcos Vinicius da Conceição,nogueirabrayan@ig.com.br,2025-03-14
327,Nathan Gonçalves,ysilveira@hotmail.com,2025-03-17
328,Amanda Campos,qcampos@gmail.com,2024-09-24
329,Benjamim Oliveira,cunhaalana@yahoo.com.br,2025-06-07
330,Dr. Otávio da Conceição,sda-rosa@hotmail.com,2024-07-02
331,Bárbara Sá,esterda-mota@hotmail.com,2024-07-22
332,Sr. Valentim Montenegro,ninacunha@yahoo.com.br,2025-03-22
333,Brayan Pastor,uabreu@hotmail.com,2025-06-15
334,Mirella Fernandes,marianenovais@bol.com.br,2024-03-26
335,Dr. Pedro Miguel Andrade,ana-liz98@uol.com.br,2024-03-18
336,Letícia Montenegro,da-pazlais@bol.com.br,2024-12-10
337,Pedro Lucas Gonçalves,ana-laura15@gmail.com,2025-11-08
338,Rafaela Leão,tda-cunha@bol.com.br,2024-01-18
339,Luísa Melo,bento40@gmail.com,2025-12-03
340,Augusto Ferreira,rodrigosouza@ig.com.br,2024-04-22
341,Nina Gonçalves,ravi-luccafonseca@uol.com.br,2024-07-02
342,Lucca Brito,carvalhoaugusto@yahoo.com.br,2024-01-22
343,Pedro Lucas Cavalcanti,leandrobrito@yahoo.com.br,2024-08-29
344,Lorena Castro,kalves@hotmail.com,2025-03-20
345,Olivia Sales,vitoriaduarte@bol.com.br,2024-03-16
346,Isabela da Cruz,gabriel43@bol.com.br,2025-05-01
347,Gael Barbosa,limamathias@yahoo.com.br,2025-07-12
348,Ian da Rocha,camposarthur@yahoo.com.br,2024-08-11
349,Isabella Ferreira,matteo94@hotmail.com,2025-12-05
350,Bianca Santos,goncalvesgael-henrique@gmail.com,2024-03-08
351,Joana Macedo,pda-rocha@ig.com.br,2024-10-27
352,Isabela Barbosa,pcampos@uol.com.br,2025-05-10
353,Fernanda Cavalcante,rodrigoalves@bol.com.br,2025-02-16
354,Thiago das Neves,hda-luz@bol.com.br,2024-11-02
355,Maria Laura da Rosa,vicentecasa-grande@uol.com.br,2024-08-27
356,Ester Gomes,aragaoeloa@uol.com.br,2024-10-27
357,Julia Pastor,lalmeida@uol.com.br,2025-06-15
358,Isabella Andrade,cirinoisadora@ig.com.br,2024-01-30
359,Gael Pereira,jfernandes@yahoo.com.br,2025-10-13
360,Carolina Novais,joao-miguel61@yahoo.com.br,2024-04-01
361,Sr. Theo Sampaio,barbaracarvalho@gmail.com,2024-12-28
362,Brenda Silva,bcorreia@bol.com.br,2024-01-02
363,Mateus Freitas,milenamarques@uol.com.br,2024-07-02
364,Maysa Cunha,nunesmaria-helena@ig.com.br,2025-07-23
365,Levi Moura,sousabryan@bol.com.br,2025-10-31
366,Srta. Maria Helena Carvalho,henrique22@bol.com.br,2025-11-09
367,Rafael Pereira,ocirino@gmail.com,2024-01-18
368,Dante Freitas,alveslucca@bol.com.br,2024-10-04
369,Dr. Noah Pimenta,milena77@yahoo.com.br,2025-04-17
370,Lucas Machado,lopescarolina@gmail.com,2024-11-05
371,Stephany das Neves,tmartins@yahoo.com.br,2025-07-01
372,Davi Lucca Guerra,vieiravitor@uol.com.br,2025-11-14
373,Rael Câmara,da-matabruno@uol.com.br,2024-12-20
374,Davi Miguel Borges,jnunes@yahoo.com.br,2023-12-31
375,Maria Flor da Costa,da-cruzdavi-miguel@bol.com.br,2025-03-26
376,Sra. Maria Luiza Moura,melissa50@gmail.com,2024-09-16
377,Rael Moreira,zpinto@bol.com.br,2025-01-25
378,Davi Miguel Campos,rebeca28@gmail.com,2024-07-15
379,Srta. Marina da Luz,ana-clara91@hotmail.com,2025-02-02
380,Srta. Melissa Freitas,lizsantos@bol.com.br,2025-05-15
381,Kamilly Montenegro,jose-miguel16@bol.com.br,2024-04-13
382,Maria Isis Leão,joao-pedrooliveira@uol.com.br,2024-10-04
383,Ravi Lucca Teixeira,yda-mata@bol.com.br,2025-02-16
384,Mariah Alves,icaldeira@yahoo.com.br,2025-09-07
385,Ana Laura Souza,yurilima@yahoo.com.br,2025-07-20
386,Henry Macedo,danilojesus@yahoo.com.br,2024-12-25
387,Caleb Nogueira,epastor@bol.com.br,2025-03-15
388,Dante Guerra,isabellymachado@uol.com.br,2025-05-21
389,João Gabriel da Conceição,pmartins@yahoo.com.br,2024-03-09
390,Renan Melo,matteofarias@gmail.com,2024-02-15
391,Mateus Montenegro,xguerra@gmail.com,2024-08-20
392,Dra. Esther Brito,sda-conceicao@gmail.com,2023-12-31
393,Sr. Bruno Ferreira,bruno60@uol.com.br,2025-08-15
394,Diogo Silveira,nina18@ig.com.br,2024-02-09
395,Liam Nascimento,cirinopedro@hotmail.com,2024-12-30
396,Dra. Raquel da Rosa,monteirobruno@yahoo.com.br,2025-10-27
397,Anthony Carvalho,yviana@hotmail.com,2024-12-30
398,Alice Garcia,alice63@uol.com.br,2024-09-08
399,André Rios,albuquerquevitoria@yahoo.com.br,2024-02-09
400,Ana Júlia Rocha,ncirino@hotmail.com,2025-01-11
401,José Pedro Silveira,ester65@uol.com.br,2025-10-15
402,Thomas Viana,yalves@hotmail.com,2025-04-25
403,Alexandre Caldeira,brenda19@uol.com.br,2025-09-14
404,Alana Borges,bernardomacedo@bol.com.br,2025-04-09
405,Sra. Pietra Cunha,jalbuquerque@uol.com.br,2024-07-27
406,Antony Gomes,aparecidajoaquim@hotmail.com,2025-09-25
407,Sra. Allana Pereira,maria-liz45@gmail.com,2024-07-15
408,Bryan Rocha,albuquerqueallana@hotmail.com,2024-02-15
409,Luara Albuquerque,mcavalcante@hotmail.com,2025-02-06
410,Maria Eduarda Novaes,correiajoana@bol.com.br,2024-04-12
411,Gael Castro,andradeigor@uol.com.br,2024-06-14
412,Aurora Ramos,sfonseca@yahoo.com.br,2024-06-20
413,Sra. Catarina Abreu,cunhaheitor@uol.com.br,2025-05-28
414,Danilo Novaes,ninafonseca@hotmail.com,2025-05-01
415,Isabella Alves,pastorravy@ig.com.br,2024-03-31
416,Bella Casa Grande,correiaryan@uol.com.br,2025-09-19
417,Josué Fogaça,goncalveskaique@gmail.com,2024-03-07
418,Vinicius Camargo,barbosaevelyn@yahoo.com.br,2025-10-15
419,Marcos Vinicius Aragão,hda-rosa@gmail.com,2024-12-16
420,Vitor Gabriel Rezende,allanabrito@yahoo.com.br,2024-06-16
421,Hellena Cavalcante,das-nevesmarcelo@uol.com.br,2025-12-13
422,Sra. Bella Guerra,pcosta@uol.com.br,2024-06-14
423,José Miguel Moreira,melissafreitas@bol.com.br,2024-08-10
424,Isis Caldeira,da-conceicaostella@hotmail.com,2025-09-15
425,Dra. Natália Cardoso,almeidaaylla@uol.com.br,2025-05-17
426,Lívia Barbosa,calebe44@uol.com.br,2025-04-21
427,Yago Azevedo,catarina43@yahoo.com.br,2025-10-17
428,Fernanda Alves,anamendonca@yahoo.com.br,2025-09-14
429,Raquel Santos,ninacamargo@uol.com.br,2025-12-14
430,Gael Henrique Melo,marcela10@yahoo.com.br,2025-12-16
431,Sra. Melissa da Cruz,ana-vitoria78@gmail.com,2025-02-24
432,Francisco Vieira,vargaseduarda@bol.com.br,2024-04-09
433,Sr. Arthur Gabriel Sá,ana-julianovais@gmail.com,2025-06-01
434,Leonardo Sales,aandrade@bol.com.br,2024-12-14
435,Hadassa Câmara,hcasa-grande@bol.com.br,2025-09-13
436,Sra. Mariane Araújo,rodrigo23@gmail.com,2024-08-13
437,Gabriel da Cunha,joao-lucasmacedo@ig.com.br,2024-10-01
438,Dr. João da Mata,pietra86@gmail.com,2024-05-08
439,Srta. Ana Liz Andrade,heloisaalmeida@hotmail.com,2025-03-31
440,Nina Sá,brunovasconcelos@yahoo.com.br,2025-01-14
441,Francisco Castro,camaracarlos-eduardo@uol.com.br,2025-10-12
442,José Ramos,theopereira@ig.com.br,2024-10-27
443,Dra. Vitória Monteiro,rodriguesbenicio@yahoo.com.br,2025-08-18
444,Vitor Mendes,heloisavieira@uol.com.br,2025-06-15
445,Breno Moreira,acosta@uol.com.br,2025-10-12
446,Anthony Gabriel Rocha,isabelafarias@uol.com.br,2025-02-15
447,Fernando Vieira,dalves@gmail.com,2025-04-03
448,Srta. Luísa Souza,jose-miguel28@ig.com.br,2024-02-28
449,Sr. Vitor Hugo Pereira,ana-cecilia29@hotmail.com,2024-07-28
450,Camila Araújo,cavalcantizoe@gmail.com,2024-07-11
451,Ester Nogueira,maria-cecilia57@uol.com.br,2024-11-20
452,Lunna Farias,ryanduarte@uol.com.br,2024-12-02
453,Ísis Monteiro,peixotoisabel@yahoo.com.br,2025-04-04
454,Lorenzo Leão,aylamoura@bol.com.br,2024-08-14
455,Théo Cavalcanti,melomelissa@ig.com.br,2024-05-12
456,Sra. Laís Nogueira,enzo48@bol.com.br,2024-04-01
457,Sr. Theo Pereira,rochaluiza@uol.com.br,2025-08-22
458,Marcelo Abreu,bentocasa-grande@gmail.com,2024-09-19
459,Ana Lívia Caldeira,ebrito@ig.com.br,2024-12-09
460,Natália Souza,sabrina52@gmail.com,2024-07-17
461,Brayan Garcia,maria-flor22@yahoo.com.br,2024-05-15
462,Sra. Mariah Marques,das-nevesbeatriz@hotmail.com,2025-02-07
463,Ravi Lima,acaldeira@uol.com.br,2025-10-27
464,Bruna Brito,anafernandes@bol.com.br,2024-06-02
465,Asafe da Rocha,dnascimento@hotmail.com,2025-09-06
466,Cecília Monteiro,dabreu@uol.com.br,2024-11-10
467,Agatha Pimenta,fernandesravi@bol.com.br,2025-09-22
468,Lívia Duarte,sophia10@gmail.com,2024-10-31
469,Sr. Daniel Teixeira,sabrinabrito@yahoo.com.br,2025-01-08
470,Heloísa das Neves,riosrodrigo@bol.com.br,2024-10-06
471,Milena da Conceição,kaiquerodrigues@yahoo.com.br,2024-05-12
472,Eduardo Pires,maria-vitoria93@uol.com.br,2025-10-26
473,Leandro Macedo,cavalcantivalentim@ig.com.br,2024-05-09
474,Mathias Pimenta,aylada-paz@gmail.com,2025-11-27
475,Sara Macedo,ravi21@yahoo.com.br,2024-05-25
476,Erick Lima,kaiqueteixeira@yahoo.com.br,2024-03-03
477,Emilly Pinto,enzo79@gmail.com,2024-10-06
478,Esther Siqueira,davi-lucca73@gmail.com,2024-07-10
479,Leandro Pereira,maysa18@uol.com.br,2024-02-21
480,Ísis Castro,novaesbruno@bol.com.br,2024-05-27
481,Mariane Brito,costamaya@yahoo.com.br,2025-03-09
482,Lucca Borges,sabrinanogueira@yahoo.com.br,2024-10-10
483,Ana Lívia Monteiro,moreiragabrielly@uol.com.br,2024-12-11
484,Marcela da Rocha,luiz-fernandopereira@yahoo.com.br,2024-07-21
485,Dra. Marina Peixoto,joao-lucasaragao@gmail.com,2024-11-15
486,Sra. Maria Julia Teixeira,nda-rocha@bol.com.br,2025-10-12
487,Maria Luísa Câmara,marina15@gmail.com,2024-03-29
488,Gustavo Sá,costelaluiz-felipe@hotmail.com,2024-12-20
489,Dr. Henry Sá,leaorael@ig.com.br,2024-07-21
490,Maria Luísa Sousa,rpereira@hotmail.com,2025-04-25
491,Manuella Macedo,efarias@gmail.com,2025-04-19
492,Ana Laura Pereira,laura14@gmail.com,2024-04-17
493,Dra. Clarice Andrade,calebebarros@gmail.com,2024-01-18
494,Théo Sampaio,saravy@yahoo.com.br,2025-06-26
495,Isadora Cunha,isadora63@uol.com.br,2024-03-12
496,Ana Júlia Andrade,vcorreia@ig.com.br,2024-10-21
497,Maysa Pimenta,liz95@yahoo.com.br,2025-06-08
498,Enzo Gabriel Vargas,joao-vitorda-luz@yahoo.com.br,2025-02-05
499,Luigi Marques,dom57@uol.com.br,2024-03-31
500,João Rios,igomes@gmail.com,2024-03-08
